{"cameraMode":{"drawMode":0,"name":"Shaded","section":"Shading Mode"},"sceneLighting":true,"audioPlay":false,"sceneViewState":{"showFog":true,"showMaterialUpdate":true,"showSkybox":true,"showFlares":true,"showImageEffects":true,"showParticleSystems":true},"in2DMode":false,"pivot":{"x":292.625732421875,"y":7.659120082855225,"z":293.20391845703127},"rotation":{"x":-0.005251065827906132,"y":-0.7968999147415161,"z":-0.006925649009644985,"w":0.6040489077568054},"size":48.42662811279297,"orthographic":false}