{"cameraMode":{"drawMode":0,"name":"Shaded","section":"Shading Mode"},"sceneLighting":true,"audioPlay":false,"sceneViewState":{"showFog":false,"showMaterialUpdate":false,"showSkybox":false,"showFlares":false,"showImageEffects":false,"showParticleSystems":false},"in2DMode":false,"pivot":{"x":1.77460515499115,"y":-1.2863128185272217,"z":2.9751553535461427},"rotation":{"x":-0.12497352063655853,"y":0.8667976260185242,"z":-0.27127784490585329,"w":-0.3993142545223236},"size":20.977008819580079,"orthographic":false}