{"cameraMode":{"drawMode":0,"name":"Shaded","section":"Shading Mode"},"sceneLighting":false,"audioPlay":false,"sceneViewState":{"showFog":false,"showMaterialUpdate":false,"showSkybox":false,"showFlares":false,"showImageEffects":false,"showParticleSystems":false},"in2DMode":false,"pivot":{"x":129.29833984375,"y":2.9200403690338136,"z":56.035884857177737},"rotation":{"x":-0.17927275598049165,"y":0.48079365491867068,"z":-0.10112567245960236,"w":-0.8523334860801697},"size":11.697726249694825,"orthographic":false}