{"cameraMode":{"drawMode":0,"name":"Shaded","section":"Shading Mode"},"sceneLighting":true,"audioPlay":false,"sceneViewState":{"showFog":true,"showMaterialUpdate":true,"showSkybox":true,"showFlares":true,"showImageEffects":true,"showParticleSystems":true},"in2DMode":false,"pivot":{"x":319.5989074707031,"y":8.987712860107422,"z":302.84844970703127},"rotation":{"x":-0.08076793700456619,"y":0.9069486260414124,"z":-0.20358306169509889,"w":-0.35982605814933779},"size":30.034883499145509,"orthographic":false}