{"cameraMode":{"drawMode":0,"name":"Shaded","section":"Shading Mode"},"sceneLighting":false,"audioPlay":false,"sceneViewState":{"showFog":true,"showMaterialUpdate":true,"showSkybox":true,"showFlares":true,"showImageEffects":true,"showParticleSystems":true},"in2DMode":false,"pivot":{"x":0.030000001192092897,"y":1.309999942779541,"z":-0.06000000238418579},"rotation":{"x":0.031714823096990588,"y":-0.9342483878135681,"z":0.3446420431137085,"w":0.08600030094385147},"size":1.597191333770752,"orthographic":false}