{"cameraMode":{"drawMode":0,"name":"Shaded","section":"Shading Mode"},"sceneLighting":true,"audioPlay":false,"sceneViewState":{"showFog":true,"showMaterialUpdate":true,"showSkybox":true,"showFlares":true,"showImageEffects":true,"showParticleSystems":true},"in2DMode":false,"pivot":{"x":305.07733154296877,"y":12.363032341003418,"z":987.7159423828125},"rotation":{"x":0.18289655447006226,"y":-0.353954941034317,"z":0.0708215981721878,"w":0.9144665598869324},"size":249.4951629638672,"orthographic":false}