{"cameraMode":{"drawMode":0,"name":"Shaded","section":"Shading Mode"},"sceneLighting":true,"audioPlay":false,"sceneViewState":{"showFog":true,"showMaterialUpdate":true,"showSkybox":true,"showFlares":true,"showImageEffects":true,"showParticleSystems":true},"in2DMode":false,"pivot":{"x":-0.9242396950721741,"y":-17.760120391845704,"z":9.9863862991333},"rotation":{"x":0.4725780785083771,"y":0.016657423228025438,"z":-0.008934513665735722,"w":0.8810861110687256},"size":40.25947570800781,"orthographic":false}